Workbook

Sheet HABIT TRACKER
A1: Habit Start Monday (date) | D1: Tip: After importing to Google Sheets, select the habit grid and use Insert → Checkbox.
A2: As-of day # (1–30) | B2: 30
B3: Week 1 | G3: Week 2 | L3: Week 3 | Q3: Week 4 | V3: Week 5 | AA3: Week 6
A4: Habit | B4: Mon | C4: Tue | D4: Wed | E4: Thu | F4: Fri | G4: Mon | H4: Tue | I4: Wed | J4: Thu | K4: Fri | L4: Mon | M4: Tue | N4: Wed | O4: Thu | P4: Fri | Q4: Mon | R4: Tue | S4: Wed | T4: Thu | U4: Fri | V4: Mon | W4: Tue | X4: Wed | Y4: Thu | Z4: Fri | AA4: Mon | AB4: Tue | AC4: Wed | AD4: Thu | AE4: Fri
B5: ==$B$1 | C5: ==B5+1 | D5: ==C5+1 | E5: ==D5+1 | F5: ==E5+1 | G5: ==B5+7 | H5: ==G5+1 | I5: ==H5+1 | J5: ==I5+1 | K5: ==J5+1 | L5: ==G5+7 | M5: ==L5+1 | N5: ==M5+1 | O5: ==N5+1 | P5: ==O5+1 | Q5: ==L5+7 | R5: ==Q5+1 | S5: ==R5+1 | T5: ==S5+1 | U5: ==T5+1 | V5: ==Q5+7 | W5: ==V5+1 | X5: ==W5+1 | Y5: ==X5+1 | Z5: ==Y5+1 | AA5: ==V5+7 | AB5: ==AA5+1 | AC5: ==AB5+1 | AD5: ==AC5+1 | AE5: ==AD5+1 | AF5: Month % (to-date) | AG5: Current streak
A6: Wake up on time | AF6: ==IF($A6="","",IF(COUNTIF($B6:$AE6,TRUE)+COUNTIF($B6:$AE6,FALSE)=0,"",SUM($B6:$AE6)/(COUNTIF($B6:$AE6,TRUE)+COUNTIF($B6:$AE6,FALSE)))) | AG6: ==IF($A6="","",SUM(IF($B$2=1,AH6,0),IF($B$2=2,AI6,0),IF($B$2=3,AJ6,0),IF($B$2=4,AK6,0),IF($B$2=5,AL6,0),IF($B$2=6,AM6,0),IF($B$2=7,AN6,0),IF($B$2=8,AO6,0),IF($B$2=9,AP6,0),IF($B$2=10,AQ6,0),IF($B$2=11,AR6,0),IF($B$2=12,AS6,0),IF($B$2=13,AT6,0),IF($B$2=14,AU6,0),IF($B$2=15,AV6,0),IF($B$2=16,AW6,0),IF($B$2=17,AX6,0),IF($B$2=18,AY6,0),IF($B$2=19,AZ6,0),IF($B$2=20,BA6,0),IF($B$2=21,BB6,0),IF($B$2=22,BC6,0),IF($B$2=23,BD6,0),IF($B$2=24,BE6,0),IF($B$2=25,BF6,0),IF($B$2=26,BG6,0),IF($B$2=27,BH6,0),IF($B$2=28,BI6,0),IF($B$2=29,BJ6,0),IF($B$2=30,BK6,0))) | AH6: ==IF($A6="","",IF(B6=TRUE,1,0)) | AI6: ==IF($A6="","",IF(C6=TRUE,AH6+1,0)) | AJ6: ==IF($A6="","",IF(D6=TRUE,AI6+1,0)) | AK6: ==IF($A6="","",IF(E6=TRUE,AJ6+1,0)) | AL6: ==IF($A6="","",IF(F6=TRUE,AK6+1,0)) | AM6: ==IF($A6="","",IF(G6=TRUE,AL6+1,0)) | AN6: ==IF($A6="","",IF(H6=TRUE,AM6+1,0)) | AO6: ==IF($A6="","",IF(I6=TRUE,AN6+1,0)) | AP6: ==IF($A6="","",IF(J6=TRUE,AO6+1,0)) | ... BK6: ==IF($A6="","",IF(AE6=TRUE,BJ6+1,0))
A7: Plan the day (5 min) | AF7: ==IF($A7="","",IF(COUNTIF($B7:$AE7,TRUE)+COUNTIF($B7:$AE7,FALSE)=0,"",SUM($B7:$AE7)/(COUNTIF($B7:$AE7,TRUE)+COUNTIF($B7:$AE7,FALSE)))) | AG7: ==IF($A7="","",SUM(IF($B$2=1,AH7,0),IF($B$2=2,AI7,0),IF($B$2=3,AJ7,0),IF($B$2=4,AK7,0),IF($B$2=5,AL7,0),IF($B$2=6,AM7,0),IF($B$2=7,AN7,0),IF($B$2=8,AO7,0),IF($B$2=9,AP7,0),IF($B$2=10,AQ7,0),IF($B$2=11,AR7,0),IF($B$2=12,AS7,0),IF($B$2=13,AT7,0),IF($B$2=14,AU7,0),IF($B$2=15,AV7,0),IF($B$2=16,AW7,0),IF($B$2=17,AX7,0),IF($B$2=18,AY7,0),IF($B$2=19,AZ7,0),IF($B$2=20,BA7,0),IF($B$2=21,BB7,0),IF($B$2=22,BC7,0),IF($B$2=23,BD7,0),IF($B$2=24,BE7,0),IF($B$2=25,BF7,0),IF($B$2=26,BG7,0),IF($B$2=27,BH7,0),IF($B$2=28,BI7,0),IF($B$2=29,BJ7,0),IF($B$2=30,BK7,0))) | AH7: ==IF($A7="","",IF(B7=TRUE,1,0)) | AI7: ==IF($A7="","",IF(C7=TRUE,AH7+1,0)) | AJ7: ==IF($A7="","",IF(D7=TRUE,AI7+1,0)) | AK7: ==IF($A7="","",IF(E7=TRUE,AJ7+1,0)) | AL7: ==IF($A7="","",IF(F7=TRUE,AK7+1,0)) | AM7: ==IF($A7="","",IF(G7=TRUE,AL7+1,0)) | AN7: ==IF($A7="","",IF(H7=TRUE,AM7+1,0)) | AO7: ==IF($A7="","",IF(I7=TRUE,AN7+1,0)) | AP7: ==IF($A7="","",IF(J7=TRUE,AO7+1,0)) | ... BK7: ==IF($A7="","",IF(AE7=TRUE,BJ7+1,0))
A8: Deep work (30+ min) | AF8: ==IF($A8="","",IF(COUNTIF($B8:$AE8,TRUE)+COUNTIF($B8:$AE8,FALSE)=0,"",SUM($B8:$AE8)/(COUNTIF($B8:$AE8,TRUE)+COUNTIF($B8:$AE8,FALSE)))) | AG8: ==IF($A8="","",SUM(IF($B$2=1,AH8,0),IF($B$2=2,AI8,0),IF($B$2=3,AJ8,0),IF($B$2=4,AK8,0),IF($B$2=5,AL8,0),IF($B$2=6,AM8,0),IF($B$2=7,AN8,0),IF($B$2=8,AO8,0),IF($B$2=9,AP8,0),IF($B$2=10,AQ8,0),IF($B$2=11,AR8,0),IF($B$2=12,AS8,0),IF($B$2=13,AT8,0),IF($B$2=14,AU8,0),IF($B$2=15,AV8,0),IF($B$2=16,AW8,0),IF($B$2=17,AX8,0),IF($B$2=18,AY8,0),IF($B$2=19,AZ8,0),IF($B$2=20,BA8,0),IF($B$2=21,BB8,0),IF($B$2=22,BC8,0),IF($B$2=23,BD8,0),IF($B$2=24,BE8,0),IF($B$2=25,BF8,0),IF($B$2=26,BG8,0),IF($B$2=27,BH8,0),IF($B$2=28,BI8,0),IF($B$2=29,BJ8,0),IF($B$2=30,BK8,0))) | AH8: ==IF($A8="","",IF(B8=TRUE,1,0)) | AI8: ==IF($A8="","",IF(C8=TRUE,AH8+1,0)) | AJ8: ==IF($A8="","",IF(D8=TRUE,AI8+1,0)) | AK8: ==IF($A8="","",IF(E8=TRUE,AJ8+1,0)) | AL8: ==IF($A8="","",IF(F8=TRUE,AK8+1,0)) | AM8: ==IF($A8="","",IF(G8=TRUE,AL8+1,0)) | AN8: ==IF($A8="","",IF(H8=TRUE,AM8+1,0)) | AO8: ==IF($A8="","",IF(I8=TRUE,AN8+1,0)) | AP8: ==IF($A8="","",IF(J8=TRUE,AO8+1,0)) | ... BK8: ==IF($A8="","",IF(AE8=TRUE,BJ8+1,0))
A9: Exercise | AF9: ==IF($A9="","",IF(COUNTIF($B9:$AE9,TRUE)+COUNTIF($B9:$AE9,FALSE)=0,"",SUM($B9:$AE9)/(COUNTIF($B9:$AE9,TRUE)+COUNTIF($B9:$AE9,FALSE)))) | AG9: ==IF($A9="","",SUM(IF($B$2=1,AH9,0),IF($B$2=2,AI9,0),IF($B$2=3,AJ9,0),IF($B$2=4,AK9,0),IF($B$2=5,AL9,0),IF($B$2=6,AM9,0),IF($B$2=7,AN9,0),IF($B$2=8,AO9,0),IF($B$2=9,AP9,0),IF($B$2=10,AQ9,0),IF($B$2=11,AR9,0),IF($B$2=12,AS9,0),IF($B$2=13,AT9,0),IF($B$2=14,AU9,0),IF($B$2=15,AV9,0),IF($B$2=16,AW9,0),IF($B$2=17,AX9,0),IF($B$2=18,AY9,0),IF($B$2=19,AZ9,0),IF($B$2=20,BA9,0),IF($B$2=21,BB9,0),IF($B$2=22,BC9,0),IF($B$2=23,BD9,0),IF($B$2=24,BE9,0),IF($B$2=25,BF9,0),IF($B$2=26,BG9,0),IF($B$2=27,BH9,0),IF($B$2=28,BI9,0),IF($B$2=29,BJ9,0),IF($B$2=30,BK9,0))) | AH9: ==IF($A9="","",IF(B9=TRUE,1,0)) | AI9: ==IF($A9="","",IF(C9=TRUE,AH9+1,0)) | AJ9: ==IF($A9="","",IF(D9=TRUE,AI9+1,0)) | AK9: ==IF($A9="","",IF(E9=TRUE,AJ9+1,0)) | AL9: ==IF($A9="","",IF(F9=TRUE,AK9+1,0)) | AM9: ==IF($A9="","",IF(G9=TRUE,AL9+1,0)) | AN9: ==IF($A9="","",IF(H9=TRUE,AM9+1,0)) | AO9: ==IF($A9="","",IF(I9=TRUE,AN9+1,0)) | AP9: ==IF($A9="","",IF(J9=TRUE,AO9+1,0)) | ... BK9: ==IF($A9="","",IF(AE9=TRUE,BJ9+1,0))
A10: Healthy meal | AF10: ==IF($A10="","",IF(COUNTIF($B10:$AE10,TRUE)+COUNTIF($B10:$AE10,FALSE)=0,"",SUM($B10:$AE10)/(COUNTIF($B10:$AE10,TRUE)+COUNTIF($B10:$AE10,FALSE)))) | AG10: ==IF($A10="","",SUM(IF($B$2=1,AH10,0),IF($B$2=2,AI10,0),IF($B$2=3,AJ10,0),IF($B$2=4,AK10,0),IF($B$2=5,AL10,0),IF($B$2=6,AM10,0),IF($B$2=7,AN10,0),IF($B$2=8,AO10,0),IF($B$2=9,AP10,0),IF($B$2=10,AQ10,0),IF($B$2=11,AR10,0),IF($B$2=12,AS10,0),IF($B$2=13,AT10,0),IF($B$2=14,AU10,0),IF($B$2=15,AV10,0),IF($B$2=16,AW10,0),IF($B$2=17,AX10,0),IF($B$2=18,AY10,0),IF($B$2=19,AZ10,0),IF($B$2=20,BA10,0),IF($B$2=21,BB10,0),IF($B$2=22,BC10,0),IF($B$2=23,BD10,0),IF($B$2=24,BE10,0),IF($B$2=25,BF10,0),IF($B$2=26,BG10,0),IF($B$2=27,BH10,0),IF($B$2=28,BI10,0),IF($B$2=29,BJ10,0),IF($B$2=30,BK10,0))) | AH10: ==IF($A10="","",IF(B10=TRUE,1,0)) | AI10: ==IF($A10="","",IF(C10=TRUE,AH10+1,0)) | AJ10: ==IF($A10="","",IF(D10=TRUE,AI10+1,0)) | AK10: ==IF($A10="","",IF(E10=TRUE,AJ10+1,0)) | AL10: ==IF($A10="","",IF(F10=TRUE,AK10+1,0)) | AM10: ==IF($A10="","",IF(G10=TRUE,AL10+1,0)) | AN10: ==IF($A10="","",IF(H10=TRUE,AM10+1,0)) | AO10: ==IF($A10="","",IF(I10=TRUE,AN10+1,0)) | AP10: ==IF($A10="","",IF(J10=TRUE,AO10+1,0)) | ... BK10: ==IF($A10="","",IF(AE10=TRUE,BJ10+1,0))
A11: Drink water | AF11: ==IF($A11="","",IF(COUNTIF($B11:$AE11,TRUE)+COUNTIF($B11:$AE11,FALSE)=0,"",SUM($B11:$AE11)/(COUNTIF($B11:$AE11,TRUE)+COUNTIF($B11:$AE11,FALSE)))) | AG11: ==IF($A11="","",SUM(IF($B$2=1,AH11,0),IF($B$2=2,AI11,0),IF($B$2=3,AJ11,0),IF($B$2=4,AK11,0),IF($B$2=5,AL11,0),IF($B$2=6,AM11,0),IF($B$2=7,AN11,0),IF($B$2=8,AO11,0),IF($B$2=9,AP11,0),IF($B$2=10,AQ11,0),IF($B$2=11,AR11,0),IF($B$2=12,AS11,0),IF($B$2=13,AT11,0),IF($B$2=14,AU11,0),IF($B$2=15,AV11,0),IF($B$2=16,AW11,0),IF($B$2=17,AX11,0),IF($B$2=18,AY11,0),IF($B$2=19,AZ11,0),IF($B$2=20,BA11,0),IF($B$2=21,BB11,0),IF($B$2=22,BC11,0),IF($B$2=23,BD11,0),IF($B$2=24,BE11,0),IF($B$2=25,BF11,0),IF($B$2=26,BG11,0),IF($B$2=27,BH11,0),IF($B$2=28,BI11,0),IF($B$2=29,BJ11,0),IF($B$2=30,BK11,0))) | AH11: ==IF($A11="","",IF(B11=TRUE,1,0)) | AI11: ==IF($A11="","",IF(C11=TRUE,AH11+1,0)) | AJ11: ==IF($A11="","",IF(D11=TRUE,AI11+1,0)) | AK11: ==IF($A11="","",IF(E11=TRUE,AJ11+1,0)) | AL11: ==IF($A11="","",IF(F11=TRUE,AK11+1,0)) | AM11: ==IF($A11="","",IF(G11=TRUE,AL11+1,0)) | AN11: ==IF($A11="","",IF(H11=TRUE,AM11+1,0)) | AO11: ==IF($A11="","",IF(I11=TRUE,AN11+1,0)) | AP11: ==IF($A11="","",IF(J11=TRUE,AO11+1,0)) | ... BK11: ==IF($A11="","",IF(AE11=TRUE,BJ11+1,0))
A12: Read (10 min) | AF12: ==IF($A12="","",IF(COUNTIF($B12:$AE12,TRUE)+COUNTIF($B12:$AE12,FALSE)=0,"",SUM($B12:$AE12)/(COUNTIF($B12:$AE12,TRUE)+COUNTIF($B12:$AE12,FALSE)))) | AG12: ==IF($A12="","",SUM(IF($B$2=1,AH12,0),IF($B$2=2,AI12,0),IF($B$2=3,AJ12,0),IF($B$2=4,AK12,0),IF($B$2=5,AL12,0),IF($B$2=6,AM12,0),IF($B$2=7,AN12,0),IF($B$2=8,AO12,0),IF($B$2=9,AP12,0),IF($B$2=10,AQ12,0),IF($B$2=11,AR12,0),IF($B$2=12,AS12,0),IF($B$2=13,AT12,0),IF($B$2=14,AU12,0),IF($B$2=15,AV12,0),IF($B$2=16,AW12,0),IF($B$2=17,AX12,0),IF($B$2=18,AY12,0),IF($B$2=19,AZ12,0),IF($B$2=20,BA12,0),IF($B$2=21,BB12,0),IF($B$2=22,BC12,0),IF($B$2=23,BD12,0),IF($B$2=24,BE12,0),IF($B$2=25,BF12,0),IF($B$2=26,BG12,0),IF($B$2=27,BH12,0),IF($B$2=28,BI12,0),IF($B$2=29,BJ12,0),IF($B$2=30,BK12,0))) | AH12: ==IF($A12="","",IF(B12=TRUE,1,0)) | AI12: ==IF($A12="","",IF(C12=TRUE,AH12+1,0)) | AJ12: ==IF($A12="","",IF(D12=TRUE,AI12+1,0)) | AK12: ==IF($A12="","",IF(E12=TRUE,AJ12+1,0)) | AL12: ==IF($A12="","",IF(F12=TRUE,AK12+1,0)) | AM12: ==IF($A12="","",IF(G12=TRUE,AL12+1,0)) | AN12: ==IF($A12="","",IF(H12=TRUE,AM12+1,0)) | AO12: ==IF($A12="","",IF(I12=TRUE,AN12+1,0)) | AP12: ==IF($A12="","",IF(J12=TRUE,AO12+1,0)) | ... BK12: ==IF($A12="","",IF(AE12=TRUE,BJ12+1,0))
A13: Learn (15 min) | AF13: ==IF($A13="","",IF(COUNTIF($B13:$AE13,TRUE)+COUNTIF($B13:$AE13,FALSE)=0,"",SUM($B13:$AE13)/(COUNTIF($B13:$AE13,TRUE)+COUNTIF($B13:$AE13,FALSE)))) | AG13: ==IF($A13="","",SUM(IF($B$2=1,AH13,0),IF($B$2=2,AI13,0),IF($B$2=3,AJ13,0),IF($B$2=4,AK13,0),IF($B$2=5,AL13,0),IF($B$2=6,AM13,0),IF($B$2=7,AN13,0),IF($B$2=8,AO13,0),IF($B$2=9,AP13,0),IF($B$2=10,AQ13,0),IF($B$2=11,AR13,0),IF($B$2=12,AS13,0),IF($B$2=13,AT13,0),IF($B$2=14,AU13,0),IF($B$2=15,AV13,0),IF($B$2=16,AW13,0),IF($B$2=17,AX13,0),IF($B$2=18,AY13,0),IF($B$2=19,AZ13,0),IF($B$2=20,BA13,0),IF($B$2=21,BB13,0),IF($B$2=22,BC13,0),IF($B$2=23,BD13,0),IF($B$2=24,BE13,0),IF($B$2=25,BF13,0),IF($B$2=26,BG13,0),IF($B$2=27,BH13,0),IF($B$2=28,BI13,0),IF($B$2=29,BJ13,0),IF($B$2=30,BK13,0))) | AH13: ==IF($A13="","",IF(B13=TRUE,1,0)) | AI13: ==IF($A13="","",IF(C13=TRUE,AH13+1,0)) | AJ13: ==IF($A13="","",IF(D13=TRUE,AI13+1,0)) | AK13: ==IF($A13="","",IF(E13=TRUE,AJ13+1,0)) | AL13: ==IF($A13="","",IF(F13=TRUE,AK13+1,0)) | AM13: ==IF($A13="","",IF(G13=TRUE,AL13+1,0)) | AN13: ==IF($A13="","",IF(H13=TRUE,AM13+1,0)) | AO13: ==IF($A13="","",IF(I13=TRUE,AN13+1,0)) | AP13: ==IF($A13="","",IF(J13=TRUE,AO13+1,0)) | ... BK13: ==IF($A13="","",IF(AE13=TRUE,BJ13+1,0))
A14: Clean/tidy (5 min) | AF14: ==IF($A14="","",IF(COUNTIF($B14:$AE14,TRUE)+COUNTIF($B14:$AE14,FALSE)=0,"",SUM($B14:$AE14)/(COUNTIF($B14:$AE14,TRUE)+COUNTIF($B14:$AE14,FALSE)))) | AG14: ==IF($A14="","",SUM(IF($B$2=1,AH14,0),IF($B$2=2,AI14,0),IF($B$2=3,AJ14,0),IF($B$2=4,AK14,0),IF($B$2=5,AL14,0),IF($B$2=6,AM14,0),IF($B$2=7,AN14,0),IF($B$2=8,AO14,0),IF($B$2=9,AP14,0),IF($B$2=10,AQ14,0),IF($B$2=11,AR14,0),IF($B$2=12,AS14,0),IF($B$2=13,AT14,0),IF($B$2=14,AU14,0),IF($B$2=15,AV14,0),IF($B$2=16,AW14,0),IF($B$2=17,AX14,0),IF($B$2=18,AY14,0),IF($B$2=19,AZ14,0),IF($B$2=20,BA14,0),IF($B$2=21,BB14,0),IF($B$2=22,BC14,0),IF($B$2=23,BD14,0),IF($B$2=24,BE14,0),IF($B$2=25,BF14,0),IF($B$2=26,BG14,0),IF($B$2=27,BH14,0),IF($B$2=28,BI14,0),IF($B$2=29,BJ14,0),IF($B$2=30,BK14,0))) | AH14: ==IF($A14="","",IF(B14=TRUE,1,0)) | AI14: ==IF($A14="","",IF(C14=TRUE,AH14+1,0)) | AJ14: ==IF($A14="","",IF(D14=TRUE,AI14+1,0)) | AK14: ==IF($A14="","",IF(E14=TRUE,AJ14+1,0)) | AL14: ==IF($A14="","",IF(F14=TRUE,AK14+1,0)) | AM14: ==IF($A14="","",IF(G14=TRUE,AL14+1,0)) | AN14: ==IF($A14="","",IF(H14=TRUE,AM14+1,0)) | AO14: ==IF($A14="","",IF(I14=TRUE,AN14+1,0)) | AP14: ==IF($A14="","",IF(J14=TRUE,AO14+1,0)) | ... BK14: ==IF($A14="","",IF(AE14=TRUE,BJ14+1,0))
A15: Walk outside | AF15: ==IF($A15="","",IF(COUNTIF($B15:$AE15,TRUE)+COUNTIF($B15:$AE15,FALSE)=0,"",SUM($B15:$AE15)/(COUNTIF($B15:$AE15,TRUE)+COUNTIF($B15:$AE15,FALSE)))) | AG15: ==IF($A15="","",SUM(IF($B$2=1,AH15,0),IF($B$2=2,AI15,0),IF($B$2=3,AJ15,0),IF($B$2=4,AK15,0),IF($B$2=5,AL15,0),IF($B$2=6,AM15,0),IF($B$2=7,AN15,0),IF($B$2=8,AO15,0),IF($B$2=9,AP15,0),IF($B$2=10,AQ15,0),IF($B$2=11,AR15,0),IF($B$2=12,AS15,0),IF($B$2=13,AT15,0),IF($B$2=14,AU15,0),IF($B$2=15,AV15,0),IF($B$2=16,AW15,0),IF($B$2=17,AX15,0),IF($B$2=18,AY15,0),IF($B$2=19,AZ15,0),IF($B$2=20,BA15,0),IF($B$2=21,BB15,0),IF($B$2=22,BC15,0),IF($B$2=23,BD15,0),IF($B$2=24,BE15,0),IF($B$2=25,BF15,0),IF($B$2=26,BG15,0),IF($B$2=27,BH15,0),IF($B$2=28,BI15,0),IF($B$2=29,BJ15,0),IF($B$2=30,BK15,0))) | AH15: ==IF($A15="","",IF(B15=TRUE,1,0)) | AI15: ==IF($A15="","",IF(C15=TRUE,AH15+1,0)) | AJ15: ==IF($A15="","",IF(D15=TRUE,AI15+1,0)) | AK15: ==IF($A15="","",IF(E15=TRUE,AJ15+1,0)) | AL15: ==IF($A15="","",IF(F15=TRUE,AK15+1,0)) | AM15: ==IF($A15="","",IF(G15=TRUE,AL15+1,0)) | AN15: ==IF($A15="","",IF(H15=TRUE,AM15+1,0)) | AO15: ==IF($A15="","",IF(I15=TRUE,AN15+1,0)) | AP15: ==IF($A15="","",IF(J15=TRUE,AO15+1,0)) | ... BK15: ==IF($A15="","",IF(AE15=TRUE,BJ15+1,0))
A16: No social media before noon | AF16: ==IF($A16="","",IF(COUNTIF($B16:$AE16,TRUE)+COUNTIF($B16:$AE16,FALSE)=0,"",SUM($B16:$AE16)/(COUNTIF($B16:$AE16,TRUE)+COUNTIF($B16:$AE16,FALSE)))) | AG16: ==IF($A16="","",SUM(IF($B$2=1,AH16,0),IF($B$2=2,AI16,0),IF($B$2=3,AJ16,0),IF($B$2=4,AK16,0),IF($B$2=5,AL16,0),IF($B$2=6,AM16,0),IF($B$2=7,AN16,0),IF($B$2=8,AO16,0),IF($B$2=9,AP16,0),IF($B$2=10,AQ16,0),IF($B$2=11,AR16,0),IF($B$2=12,AS16,0),IF($B$2=13,AT16,0),IF($B$2=14,AU16,0),IF($B$2=15,AV16,0),IF($B$2=16,AW16,0),IF($B$2=17,AX16,0),IF($B$2=18,AY16,0),IF($B$2=19,AZ16,0),IF($B$2=20,BA16,0),IF($B$2=21,BB16,0),IF($B$2=22,BC16,0),IF($B$2=23,BD16,0),IF($B$2=24,BE16,0),IF($B$2=25,BF16,0),IF($B$2=26,BG16,0),IF($B$2=27,BH16,0),IF($B$2=28,BI16,0),IF($B$2=29,BJ16,0),IF($B$2=30,BK16,0))) | AH16: ==IF($A16="","",IF(B16=TRUE,1,0)) | AI16: ==IF($A16="","",IF(C16=TRUE,AH16+1,0)) | AJ16: ==IF($A16="","",IF(D16=TRUE,AI16+1,0)) | AK16: ==IF($A16="","",IF(E16=TRUE,AJ16+1,0)) | AL16: ==IF($A16="","",IF(F16=TRUE,AK16+1,0)) | AM16: ==IF($A16="","",IF(G16=TRUE,AL16+1,0)) | AN16: ==IF($A16="","",IF(H16=TRUE,AM16+1,0)) | AO16: ==IF($A16="","",IF(I16=TRUE,AN16+1,0)) | AP16: ==IF($A16="","",IF(J16=TRUE,AO16+1,0)) | ... BK16: ==IF($A16="","",IF(AE16=TRUE,BJ16+1,0))
A17: Journal (3 lines) | AF17: ==IF($A17="","",IF(COUNTIF($B17:$AE17,TRUE)+COUNTIF($B17:$AE17,FALSE)=0,"",SUM($B17:$AE17)/(COUNTIF($B17:$AE17,TRUE)+COUNTIF($B17:$AE17,FALSE)))) | AG17: ==IF($A17="","",SUM(IF($B$2=1,AH17,0),IF($B$2=2,AI17,0),IF($B$2=3,AJ17,0),IF($B$2=4,AK17,0),IF($B$2=5,AL17,0),IF($B$2=6,AM17,0),IF($B$2=7,AN17,0),IF($B$2=8,AO17,0),IF($B$2=9,AP17,0),IF($B$2=10,AQ17,0),IF($B$2=11,AR17,0),IF($B$2=12,AS17,0),IF($B$2=13,AT17,0),IF($B$2=14,AU17,0),IF($B$2=15,AV17,0),IF($B$2=16,AW17,0),IF($B$2=17,AX17,0),IF($B$2=18,AY17,0),IF($B$2=19,AZ17,0),IF($B$2=20,BA17,0),IF($B$2=21,BB17,0),IF($B$2=22,BC17,0),IF($B$2=23,BD17,0),IF($B$2=24,BE17,0),IF($B$2=25,BF17,0),IF($B$2=26,BG17,0),IF($B$2=27,BH17,0),IF($B$2=28,BI17,0),IF($B$2=29,BJ17,0),IF($B$2=30,BK17,0))) | AH17: ==IF($A17="","",IF(B17=TRUE,1,0)) | AI17: ==IF($A17="","",IF(C17=TRUE,AH17+1,0)) | AJ17: ==IF($A17="","",IF(D17=TRUE,AI17+1,0)) | AK17: ==IF($A17="","",IF(E17=TRUE,AJ17+1,0)) | AL17: ==IF($A17="","",IF(F17=TRUE,AK17+1,0)) | AM17: ==IF($A17="","",IF(G17=TRUE,AL17+1,0)) | AN17: ==IF($A17="","",IF(H17=TRUE,AM17+1,0)) | AO17: ==IF($A17="","",IF(I17=TRUE,AN17+1,0)) | AP17: ==IF($A17="","",IF(J17=TRUE,AO17+1,0)) | ... BK17: ==IF($A17="","",IF(AE17=TRUE,BJ17+1,0))
... A20: Gratitude | AF20: ==IF($A20="","",IF(COUNTIF($B20:$AE20,TRUE)+COUNTIF($B20:$AE20,FALSE)=0,"",SUM($B20:$AE20)/(COUNTIF($B20:$AE20,TRUE)+COUNTIF($B20:$AE20,FALSE)))) | AG20: ==IF($A20="","",SUM(IF($B$2=1,AH20,0),IF($B$2=2,AI20,0),IF($B$2=3,AJ20,0),IF($B$2=4,AK20,0),IF($B$2=5,AL20,0),IF($B$2=6,AM20,0),IF($B$2=7,AN20,0),IF($B$2=8,AO20,0),IF($B$2=9,AP20,0),IF($B$2=10,AQ20,0),IF($B$2=11,AR20,0),IF($B$2=12,AS20,0),IF($B$2=13,AT20,0),IF($B$2=14,AU20,0),IF($B$2=15,AV20,0),IF($B$2=16,AW20,0),IF($B$2=17,AX20,0),IF($B$2=18,AY20,0),IF($B$2=19,AZ20,0),IF($B$2=20,BA20,0),IF($B$2=21,BB20,0),IF($B$2=22,BC20,0),IF($B$2=23,BD20,0),IF($B$2=24,BE20,0),IF($B$2=25,BF20,0),IF($B$2=26,BG20,0),IF($B$2=27,BH20,0),IF($B$2=28,BI20,0),IF($B$2=29,BJ20,0),IF($B$2=30,BK20,0))) | AH20: ==IF($A20="","",IF(B20=TRUE,1,0)) | AI20: ==IF($A20="","",IF(C20=TRUE,AH20+1,0)) | AJ20: ==IF($A20="","",IF(D20=TRUE,AI20+1,0)) | AK20: ==IF($A20="","",IF(E20=TRUE,AJ20+1,0)) | AL20: ==IF($A20="","",IF(F20=TRUE,AK20+1,0)) | AM20: ==IF($A20="","",IF(G20=TRUE,AL20+1,0)) | AN20: ==IF($A20="","",IF(H20=TRUE,AM20+1,0)) | AO20: ==IF($A20="","",IF(I20=TRUE,AN20+1,0)) | AP20: ==IF($A20="","",IF(J20=TRUE,AO20+1,0)) | ... BK20: ==IF($A20="","",IF(AE20=TRUE,BJ20+1,0))
A22: Daily completion % | B22: ==IF(COUNTIF($A$6:$A$20,"<>")=0,"",COUNTIF(B$6:B$20,TRUE)/COUNTIF($A$6:$A$20,"<>")) | C22: ==IF(COUNTIF($A$6:$A$20,"<>")=0,"",COUNTIF(C$6:C$20,TRUE)/COUNTIF($A$6:$A$20,"<>")) | D22: ==IF(COUNTIF($A$6:$A$20,"<>")=0,"",COUNTIF(D$6:D$20,TRUE)/COUNTIF($A$6:$A$20,"<>")) | E22: ==IF(COUNTIF($A$6:$A$20,"<>")=0,"",COUNTIF(E$6:E$20,TRUE)/COUNTIF($A$6:$A$20,"<>")) | F22: ==IF(COUNTIF($A$6:$A$20,"<>")=0,"",COUNTIF(F$6:F$20,TRUE)/COUNTIF($A$6:$A$20,"<>")) | G22: ==IF(COUNTIF($A$6:$A$20,"<>")=0,"",COUNTIF(G$6:G$20,TRUE)/COUNTIF($A$6:$A$20,"<>")) | H22: ==IF(COUNTIF($A$6:$A$20,"<>")=0,"",COUNTIF(H$6:H$20,TRUE)/COUNTIF($A$6:$A$20,"<>")) | I22: ==IF(COUNTIF($A$6:$A$20,"<>")=0,"",COUNTIF(I$6:I$20,TRUE)/COUNTIF($A$6:$A$20,"<>")) | ... AE22: ==IF(COUNTIF($A$6:$A$20,"<>")=0,"",COUNTIF(AE$6:AE$20,TRUE)/COUNTIF($A$6:$A$20,"<>"))
A24: Notes
A25: 1) Enter a Monday date in B1. 2) Set as-of day # in B2 (1–30). 3) Use checkboxes in Google Sheets.

Sheet TASK & WORK TRACKER
A1: Task | B1: Category | C1: Priority | D1: Status | E1: Planned Week Start (Mon) | F1: Estimated (hrs) | G1: Actual (hrs) | H1: Time Efficiency | I1: Done Week Start | J1: Completion % | K1: Avg Efficiency
G2: ==IF(A2="","",SUMIF('TIME LOG'!$B:$B,A2,'TIME LOG'!$C:$C)) | H2: ==IF(A2="","",IF(G2=0,"",IF(F2/G2>1,1,F2/G2))) | I2: ==IF(D2="Done",E2,"") | J2: ==IF(COUNTIF($A$2:$A$200,"<>")=0,"",COUNTIF($D$2:$D$200,"Done")/COUNTIF($A$2:$A$200,"<>")) | K2: ==IF(COUNTIF($H$2:$H$200,">0")=0,"",AVERAGE($H$2:$H$200))
G3: ==IF(A3="","",SUMIF('TIME LOG'!$B:$B,A3,'TIME LOG'!$C:$C)) | H3: ==IF(A3="","",IF(G3=0,"",IF(F3/G3>1,1,F3/G3))) | I3: ==IF(D3="Done",E3,"")
G4: ==IF(A4="","",SUMIF('TIME LOG'!$B:$B,A4,'TIME LOG'!$C:$C)) | H4: ==IF(A4="","",IF(G4=0,"",IF(F4/G4>1,1,F4/G4))) | I4: ==IF(D4="Done",E4,"")
G5: ==IF(A5="","",SUMIF('TIME LOG'!$B:$B,A5,'TIME LOG'!$C:$C)) | H5: ==IF(A5="","",IF(G5=0,"",IF(F5/G5>1,1,F5/G5))) | I5: ==IF(D5="Done",E5,"")
G6: ==IF(A6="","",SUMIF('TIME LOG'!$B:$B,A6,'TIME LOG'!$C:$C)) | H6: ==IF(A6="","",IF(G6=0,"",IF(F6/G6>1,1,F6/G6))) | I6: ==IF(D6="Done",E6,"")
G7: ==IF(A7="","",SUMIF('TIME LOG'!$B:$B,A7,'TIME LOG'!$C:$C)) | H7: ==IF(A7="","",IF(G7=0,"",IF(F7/G7>1,1,F7/G7))) | I7: ==IF(D7="Done",E7,"")
G8: ==IF(A8="","",SUMIF('TIME LOG'!$B:$B,A8,'TIME LOG'!$C:$C)) | H8: ==IF(A8="","",IF(G8=0,"",IF(F8/G8>1,1,F8/G8))) | I8: ==IF(D8="Done",E8,"")
G9: ==IF(A9="","",SUMIF('TIME LOG'!$B:$B,A9,'TIME LOG'!$C:$C)) | H9: ==IF(A9="","",IF(G9=0,"",IF(F9/G9>1,1,F9/G9))) | I9: ==IF(D9="Done",E9,"")
G10: ==IF(A10="","",SUMIF('TIME LOG'!$B:$B,A10,'TIME LOG'!$C:$C)) | H10: ==IF(A10="","",IF(G10=0,"",IF(F10/G10>1,1,F10/G10))) | I10: ==IF(D10="Done",E10,"")
G11: ==IF(A11="","",SUMIF('TIME LOG'!$B:$B,A11,'TIME LOG'!$C:$C)) | H11: ==IF(A11="","",IF(G11=0,"",IF(F11/G11>1,1,F11/G11))) | I11: ==IF(D11="Done",E11,"")
G12: ==IF(A12="","",SUMIF('TIME LOG'!$B:$B,A12,'TIME LOG'!$C:$C)) | H12: ==IF(A12="","",IF(G12=0,"",IF(F12/G12>1,1,F12/G12))) | I12: ==IF(D12="Done",E12,"")
G13: ==IF(A13="","",SUMIF('TIME LOG'!$B:$B,A13,'TIME LOG'!$C:$C)) | H13: ==IF(A13="","",IF(G13=0,"",IF(F13/G13>1,1,F13/G13))) | I13: ==IF(D13="Done",E13,"")
G14: ==IF(A14="","",SUMIF('TIME LOG'!$B:$B,A14,'TIME LOG'!$C:$C)) | H14: ==IF(A14="","",IF(G14=0,"",IF(F14/G14>1,1,F14/G14))) | I14: ==IF(D14="Done",E14,"")
... G200: ==IF(A200="","",SUMIF('TIME LOG'!$B:$B,A200,'TIME LOG'!$C:$C)) | H200: ==IF(A200="","",IF(G200=0,"",IF(F200/G200>1,1,F200/G200))) | I200: ==IF(D200="Done",E200,"")

Sheet TIME LOG
A1: Date | B1: Task | C1: Time spent (hrs) | E1: Tip: In Google Sheets, set column B to a dropdown from TASK & WORK TRACKER!A2:A200.

Sheet GOALS - OKRs
A1: Goal | B1: Objective | C1: KR1 (%) | D1: KR2 (%) | E1: KR3 (%) | F1: Progress % | G1: Status
F2: ==IF(A2="","",AVERAGE(C2:E2)) | G2: ==IF(F2="","",IF(F2>=1,"Completed",IF(F2>=0.7,"On Track","At Risk")))
F3: ==IF(A3="","",AVERAGE(C3:E3)) | G3: ==IF(F3="","",IF(F3>=1,"Completed",IF(F3>=0.7,"On Track","At Risk")))
F4: ==IF(A4="","",AVERAGE(C4:E4)) | G4: ==IF(F4="","",IF(F4>=1,"Completed",IF(F4>=0.7,"On Track","At Risk")))
F5: ==IF(A5="","",AVERAGE(C5:E5)) | G5: ==IF(F5="","",IF(F5>=1,"Completed",IF(F5>=0.7,"On Track","At Risk")))
F6: ==IF(A6="","",AVERAGE(C6:E6)) | G6: ==IF(F6="","",IF(F6>=1,"Completed",IF(F6>=0.7,"On Track","At Risk")))
F7: ==IF(A7="","",AVERAGE(C7:E7)) | G7: ==IF(F7="","",IF(F7>=1,"Completed",IF(F7>=0.7,"On Track","At Risk")))
F8: ==IF(A8="","",AVERAGE(C8:E8)) | G8: ==IF(F8="","",IF(F8>=1,"Completed",IF(F8>=0.7,"On Track","At Risk")))
F9: ==IF(A9="","",AVERAGE(C9:E9)) | G9: ==IF(F9="","",IF(F9>=1,"Completed",IF(F9>=0.7,"On Track","At Risk")))
F10: ==IF(A10="","",AVERAGE(C10:E10)) | G10: ==IF(F10="","",IF(F10>=1,"Completed",IF(F10>=0.7,"On Track","At Risk")))
F11: ==IF(A11="","",AVERAGE(C11:E11)) | G11: ==IF(F11="","",IF(F11>=1,"Completed",IF(F11>=0.7,"On Track","At Risk")))
F12: ==IF(A12="","",AVERAGE(C12:E12)) | G12: ==IF(F12="","",IF(F12>=1,"Completed",IF(F12>=0.7,"On Track","At Risk")))
F13: ==IF(A13="","",AVERAGE(C13:E13)) | G13: ==IF(F13="","",IF(F13>=1,"Completed",IF(F13>=0.7,"On Track","At Risk")))
... F50: ==IF(A50="","",AVERAGE(C50:E50)) | G50: ==IF(F50="","",IF(F50>=1,"Completed",IF(F50>=0.7,"On Track","At Risk")))

Sheet WEEKLY & MONTHLY DASHBOARD
A1: View Start (Monday) | B1: =='HABIT TRACKER'!$B$1
A2: As-of day # | B2: =='HABIT TRACKER'!$B$2
A4: Week Start (Mon) | B4: Habit % | C4: Tasks Planned | D4: Tasks Done (planned) | E4: Productive Hours
A5: ==$B$1 | B5: ==IF(COUNTIF('HABIT TRACKER'!B22:F22,"<>")=0,"",AVERAGE('HABIT TRACKER'!B22:F22)) | C5: ==COUNTIF('TASK & WORK TRACKER'!$E$2:$E$200,$A5) | D5: ==COUNTIF('TASK & WORK TRACKER'!$I$2:$I$200,$A5) | E5: ==SUMIF('TIME LOG'!$A:$A,">="&$A5,'TIME LOG'!$C:$C)-SUMIF('TIME LOG'!$A:$A,">="&($A5+5),'TIME LOG'!$C:$C)
A6: ==A5+7 | B6: ==IF(COUNTIF('HABIT TRACKER'!G22:K22,"<>")=0,"",AVERAGE('HABIT TRACKER'!G22:K22)) | C6: ==COUNTIF('TASK & WORK TRACKER'!$E$2:$E$200,$A6) | D6: ==COUNTIF('TASK & WORK TRACKER'!$I$2:$I$200,$A6) | E6: ==SUMIF('TIME LOG'!$A:$A,">="&$A6,'TIME LOG'!$C:$C)-SUMIF('TIME LOG'!$A:$A,">="&($A6+5),'TIME LOG'!$C:$C)
A7: ==A6+7 | B7: ==IF(COUNTIF('HABIT TRACKER'!L22:P22,"<>")=0,"",AVERAGE('HABIT TRACKER'!L22:P22)) | C7: ==COUNTIF('TASK & WORK TRACKER'!$E$2:$E$200,$A7) | D7: ==COUNTIF('TASK & WORK TRACKER'!$I$2:$I$200,$A7) | E7: ==SUMIF('TIME LOG'!$A:$A,">="&$A7,'TIME LOG'!$C:$C)-SUMIF('TIME LOG'!$A:$A,">="&($A7+5),'TIME LOG'!$C:$C)
A8: ==A7+7 | B8: ==IF(COUNTIF('HABIT TRACKER'!Q22:U22,"<>")=0,"",AVERAGE('HABIT TRACKER'!Q22:U22)) | C8: ==COUNTIF('TASK & WORK TRACKER'!$E$2:$E$200,$A8) | D8: ==COUNTIF('TASK & WORK TRACKER'!$I$2:$I$200,$A8) | E8: ==SUMIF('TIME LOG'!$A:$A,">="&$A8,'TIME LOG'!$C:$C)-SUMIF('TIME LOG'!$A:$A,">="&($A8+5),'TIME LOG'!$C:$C)
A9: ==A8+7 | B9: ==IF(COUNTIF('HABIT TRACKER'!V22:Z22,"<>")=0,"",AVERAGE('HABIT TRACKER'!V22:Z22)) | C9: ==COUNTIF('TASK & WORK TRACKER'!$E$2:$E$200,$A9) | D9: ==COUNTIF('TASK & WORK TRACKER'!$I$2:$I$200,$A9) | E9: ==SUMIF('TIME LOG'!$A:$A,">="&$A9,'TIME LOG'!$C:$C)-SUMIF('TIME LOG'!$A:$A,">="&($A9+5),'TIME LOG'!$C:$C)
A10: ==A9+7 | B10: ==IF(COUNTIF('HABIT TRACKER'!AA22:AE22,"<>")=0,"",AVERAGE('HABIT TRACKER'!AA22:AE22)) | C10: ==COUNTIF('TASK & WORK TRACKER'!$E$2:$E$200,$A10) | D10: ==COUNTIF('TASK & WORK TRACKER'!$I$2:$I$200,$A10) | E10: ==SUMIF('TIME LOG'!$A:$A,">="&$A10,'TIME LOG'!$C:$C)-SUMIF('TIME LOG'!$A:$A,">="&($A10+5),'TIME LOG'!$C:$C)
A12: 30-Day Habit % (to-date) | B12: ==IF(COUNTIF('HABIT TRACKER'!$B$22:$AE$22,"<>")=0,"",AVERAGE('HABIT TRACKER'!$B$22:$AE$22))
A13: Tasks Planned (30 days) | B13: ==SUM($C$5:$C$10)
A14: Tasks Done (planned, 30 days) | B14: ==SUM($D$5:$D$10)
A15: Productive Hours (30 days) | B15: ==SUM($E$5:$E$10)
A16: Goal Progress % | B16: ==IF(COUNTIF('GOALS - OKRs'!$A$2:$A$50,"<>")=0,"",AVERAGE('GOALS - OKRs'!$F$2:$F$50))

Sheet PRODUCTIVITY SCORE
A1: Component | B1: Score (0–100)
A2: Habits (40%) | B2: =='WEEKLY & MONTHLY DASHBOARD'!$B$12*100
A3: Tasks (30%) | B3: =='TASK & WORK TRACKER'!$J$2*100
A4: Time efficiency (20%) | B4: =='TASK & WORK TRACKER'!$K$2*100
A5: Goals (10%) | B5: =='WEEKLY & MONTHLY DASHBOARD'!$B$16*100
A7: Productivity Score (0–100) | B7: ==IF(B2="","",IF(0.4*B2+0.3*B3+0.2*B4+0.1*B5>100,100,0.4*B2+0.3*B3+0.2*B4+0.1*B5))
A9: Plain-English formula
A10: Score = 40% habits + 30% tasks done + 20% time efficiency + 10% goal progress. Each part is converted to 0–100.
